Order_ID,Date,Product,Category,Region,Customer,Sales,Quantity,Profit
ORD-1000,2023-11-24,Phone,Electronics,West,Customer_24,79795.36,5,11000.41
ORD-1001,2023-02-27,Camera,Electronics,West,Customer_30,59867.93,9,16321.5
ORD-1002,2023-01-13,Tablet,Electronics,East,Customer_25,35000.73,2,7090.95
ORD-1003,2023-05-21,Laptop,Electronics,North,Customer_39,8326.23,16,2445.77
ORD-1004,2023-05-06,Monitor,Electronics,South,Customer_10,50882.95,12,16798.0
ORD-1005,2023-04-25,Mouse,Accessories,North,Customer_46,69870.05,18,22232.96
ORD-1006,2023-03-13,Tablet,Electronics,South,Customer_39,35772.44,4,10157.92
ORD-1007,2023-02-22,Keyboard,Accessories,South,Customer_13,55673.09,17,6434.16
ORD-1008,2023-12-13,Keyboard,Accessories,North,Customer_1,72322.21,4,9728.83
ORD-1009,2023-10-07,Monitor,Electronics,South,Customer_21,4156.28,10,631.07
ORD-1010,2023-02-14,Keyboard,Accessories,South,Customer_12,63793.41,3,11563.35
ORD-1011,2023-10-30,Tablet,Electronics,South,Customer_18,23822.74,6,6326.29
ORD-1012,2023-08-05,Mouse,Accessories,North,Customer_42,30299.87,9,7010.46
ORD-1013,2023-01-17,Laptop,Electronics,South,Customer_44,12072.8,15,2154.25
ORD-1014,2023-01-16,Camera,Electronics,North,Customer_48,42727.72,17,6122.69
ORD-1015,2023-02-17,Keyboard,Accessories,East,Customer_1,45491.28,5,14922.55
ORD-1016,2023-04-22,Mouse,Accessories,East,Customer_33,63505.3,14,11785.42
ORD-1017,2023-04-30,Mouse,Accessories,North,Customer_43,14013.7,3,2642.59
ORD-1018,2023-09-16,Mouse,Accessories,North,Customer_37,6777.98,8,1985.93
ORD-1019,2023-11-05,Tablet,Electronics,South,Customer_6,69731.75,15,19541.01
ORD-1020,2023-01-14,Laptop,Electronics,West,Customer_27,49766.97,12,12980.58
ORD-1021,2023-10-15,Mouse,Accessories,South,Customer_12,19645.97,1,5369.8
ORD-1022,2023-04-12,Tablet,Electronics,East,Customer_25,73069.91,14,18451.55
ORD-1023,2023-11-29,Tablet,Electronics,West,Customer_3,11877.86,2,1758.71
ORD-1024,2023-12-26,Headphones,Accessories,South,Customer_50,37161.42,13,6006.39
ORD-1025,2023-10-07,Mouse,Accessories,South,Customer_36,20691.2,17,4955.99
ORD-1026,2023-08-03,Tablet,Electronics,West,Customer_5,20798.47,12,3249.07
ORD-1027,2023-04-23,Tablet,Electronics,,Customer_47,1247.1,8,428.04
ORD-1028,2023-08-18,Monitor,Electronics,West,Customer_45,64468.33,13,11243.51
ORD-1029,2023-10-29,Monitor,Electronics,North,Customer_26,72146.15,3,12427.25
ORD-1030,2023-05-23,Tablet,Electronics,South,Customer_36,54370.07,12,8254.43
ORD-1031,2023-01-04,Phone,Electronics,West,Customer_19,13059.06,8,3607.53
ORD-1032,2023-03-23,Monitor,Electronics,North,Customer_49,35617.52,1,6384.8
ORD-1033,2023-12-24,Camera,Electronics,South,Customer_5,27972.47,11,5236.47
ORD-1034,2023-08-05,Mouse,Accessories,West,Customer_5,47211.95,4,15741.65
ORD-1035,2023-06-24,Camera,Electronics,West,Customer_7,51295.63,11,15329.77
ORD-1036,2023-05-23,Keyboard,Accessories,South,Customer_41,34232.56,5,5763.54
ORD-1037,2023-03-21,Tablet,Electronics,East,Customer_4,20382.81,5,2659.32
ORD-1038,2023-04-21,Keyboard,Accessories,South,Customer_29,67701.66,2,18222.28
ORD-1039,2023-06-22,Laptop,Electronics,East,Customer_22,16337.75,10,3184.61
ORD-1040,2023-02-22,Tablet,Electronics,North,Customer_49,31083.11,16,10724.92
ORD-1041,2023-02-17,Monitor,Electronics,South,Customer_12,38915.04,5,11853.3
ORD-1042,2023-07-14,Keyboard,Accessories,West,Customer_14,19357.85,16,6555.58
ORD-1043,2023-02-19,Mouse,Accessories,South,Customer_16,45967.85,15,13843.4
ORD-1044,2023-07-03,Monitor,Electronics,North,Customer_41,46197.55,20,7974.31
ORD-1045,2023-06-26,Monitor,Electronics,East,Customer_36,79419.02,1,13652.73
ORD-1046,2023-11-06,Phone,Electronics,East,Customer_37,23970.84,3,6676.73
ORD-1047,2023-05-16,Monitor,Electronics,East,Customer_16,78246.59,1,14600.1
ORD-1048,2023-01-23,Camera,Electronics,East,Customer_14,52829.27,9,11125.53
ORD-1049,2023-08-24,Headphones,Accessories,East,Customer_4,22321.19,7,3663.15
ORD-1050,2023-10-02,Phone,Electronics,West,Customer_11,45491.36,5,9997.63
ORD-1051,2023-03-05,Laptop,Electronics,South,Customer_39,55021.06,18,8281.6
ORD-1052,2023-07-13,Keyboard,Accessories,East,Customer_30,59701.17,20,14008.55
ORD-1053,2023-02-10,Mouse,Accessories,South,Customer_8,4399.02,17,1466.0
ORD-1054,2023-10-10,Tablet,Electronics,South,Customer_9,48709.32,14,13348.44
ORD-1055,2023-05-31,Headphones,Accessories,East,Customer_24,39989.82,4,5371.36
ORD-1056,2023-11-18,Headphones,Accessories,West,Customer_21,72380.35,10,18378.76
ORD-1057,2023-11-13,Mouse,Accessories,West,Customer_27,23252.44,8,5736.55
ORD-1058,2023-07-05,Phone,Electronics,South,Customer_49,64009.38,10,10280.84
ORD-1059,2023-10-23,Phone,Electronics,South,Customer_11,48761.67,4,13041.72
ORD-1060,2023-04-09,Laptop,Electronics,East,Customer_16,28509.52,2,6635.89
ORD-1061,2023-12-27,Phone,Electronics,North,Customer_14,51111.12,8,13262.63
ORD-1062,2023-02-05,Monitor,Electronics,East,Customer_6,49860.85,14,5640.4
ORD-1063,2023-01-24,Headphones,Accessories,East,Customer_8,54382.27,20,11057.29
ORD-1064,2023-12-05,Laptop,Electronics,West,Customer_35,57813.81,15,16149.68
ORD-1065,2023-04-27,Monitor,Electronics,North,Customer_42,52904.93,3,6620.32
ORD-1066,2023-05-29,Mouse,Accessories,West,Customer_35,67147.8,4,
ORD-1067,2023-02-10,Phone,Electronics,South,Customer_3,50445.72,16,5109.92
ORD-1068,2023-04-30,Mouse,Accessories,South,Customer_42,,20,17182.51
ORD-1069,2023-02-21,Monitor,Electronics,East,Customer_17,51884.08,18,17239.78
ORD-1070,2023-07-14,Phone,Electronics,West,Customer_5,25060.16,1,5055.31
ORD-1071,2023-05-23,Mouse,Accessories,East,Customer_13,35545.44,17,11863.58
ORD-1072,2023-08-21,Laptop,Electronics,East,Customer_18,46576.12,19,14885.72
ORD-1073,2023-11-22,Headphones,Accessories,West,Customer_26,,8,12881.51
ORD-1074,2023-07-06,Headphones,Accessories,South,Customer_34,7665.6,5,1148.8
ORD-1075,2023-03-25,Laptop,Electronics,West,Customer_14,23961.28,10,8170.28
ORD-1076,2023-07-09,Monitor,Electronics,East,Customer_50,59924.73,14,10803.94
ORD-1077,2023-07-01,Phone,Electronics,East,Customer_2,14463.39,1,3781.81
ORD-1078,2023-04-18,Camera,Electronics,North,Customer_21,11006.7,20,3599.02
ORD-1079,2023-12-10,Keyboard,Accessories,West,Customer_23,43382.92,12,5308.56
ORD-1080,2023-05-17,Laptop,Electronics,East,Customer_38,77733.42,8,18930.68
ORD-1081,2023-12-26,Phone,Electronics,South,Customer_13,42702.76,19,9983.4
ORD-1082,2023-12-16,Headphones,Accessories,East,Customer_24,73122.21,14,20531.21
ORD-1083,2023-11-28,Monitor,Electronics,North,Customer_41,66522.57,6,22229.67
ORD-1084,2023-02-06,Headphones,Accessories,West,Customer_7,20929.12,3,6871.19
ORD-1085,2023-11-08,Mouse,Accessories,East,Customer_1,66062.84,17,9497.6
ORD-1086,2023-11-22,Camera,Electronics,South,Customer_42,38806.9,12,12439.99
ORD-1087,2023-03-29,Keyboard,Accessories,West,Customer_50,64615.84,3,9301.27
ORD-1088,2023-10-01,Camera,Electronics,West,Customer_7,59851.47,17,19745.52
ORD-1089,2023-05-06,Camera,Electronics,South,Customer_42,27427.86,18,9580.36
ORD-1090,2023-03-25,Keyboard,Accessories,North,Customer_19,9655.99,17,1923.94
ORD-1091,2023-08-25,Mouse,Accessories,South,Customer_32,77050.02,17,17247.34
ORD-1092,2023-07-14,Keyboard,Accessories,East,Customer_33,11690.18,18,3906.3
ORD-1093,2023-05-19,Headphones,Accessories,East,Customer_30,77336.77,1,26335.71
ORD-1094,2023-11-24,Keyboard,Accessories,East,Customer_13,68881.18,13,22834.79
ORD-1095,2023-12-19,Camera,Electronics,East,Customer_41,58075.23,16,18536.79
ORD-1096,2023-10-13,Mouse,Accessories,South,Customer_2,78405.41,2,8022.19
ORD-1097,2023-04-23,Monitor,Electronics,South,Customer_4,77397.94,13,18729.56
ORD-1098,2023-12-17,Tablet,Electronics,West,Customer_46,64464.72,12,8175.75
ORD-1099,2023-06-16,Phone,Electronics,East,Customer_23,29579.12,9,10226.94
ORD-1100,2023-01-29,Mouse,Accessories,East,Customer_7,63359.22,1,10843.32
ORD-1101,2023-04-28,Headphones,Accessories,South,Customer_46,1606.53,12,557.91
ORD-1102,2023-01-17,Keyboard,Accessories,North,Customer_42,43157.5,3,10177.62
ORD-1103,2023-06-11,Mouse,Accessories,North,Customer_17,36655.49,12,8191.7
ORD-1104,2023-07-25,Tablet,Electronics,South,Customer_3,,8,18067.17
ORD-1105,2023-05-18,Laptop,Electronics,West,Customer_24,53951.09,4,16874.01
ORD-1106,2023-02-03,Tablet,Electronics,North,Customer_9,46972.53,19,10193.28
ORD-1107,2023-04-19,Tablet,Electronics,West,Customer_29,65882.18,11,9763.93
ORD-1108,2023-10-18,Tablet,Electronics,North,Customer_42,75253.21,5,9644.58
ORD-1109,2023-06-11,Keyboard,Accessories,South,Customer_20,9113.52,2,1281.58
ORD-1110,2023-04-19,Phone,Electronics,South,Customer_2,19088.84,12,4098.92
ORD-1111,2023-12-02,Phone,Electronics,North,Customer_35,2489.46,18,409.06
ORD-1112,2023-09-13,Mouse,Accessories,South,Customer_9,70796.67,11,10375.24
ORD-1113,2023-07-22,Mouse,Accessories,South,Customer_11,45131.89,6,12824.43
ORD-1114,2023-11-26,Laptop,Electronics,South,Customer_10,73262.84,15,21809.76
ORD-1115,2023-08-23,Monitor,Electronics,,Customer_14,18098.69,16,4378.89
ORD-1116,2023-03-15,Keyboard,Accessories,South,Customer_45,5525.75,6,1598.71
ORD-1117,2023-05-16,Monitor,Electronics,South,Customer_2,65996.5,5,9495.16
ORD-1118,2023-03-13,Phone,Electronics,West,Customer_31,72796.32,3,22860.71
ORD-1119,2023-05-07,Monitor,Electronics,North,Customer_13,24524.12,15,7952.21
ORD-1120,2023-10-15,Camera,Electronics,West,Customer_15,32959.52,2,10110.25
ORD-1121,2023-10-03,Keyboard,Accessories,East,Customer_21,11612.27,10,2657.12
ORD-1122,2023-05-15,Mouse,Accessories,East,Customer_28,75727.79,7,9214.89
ORD-1123,2023-10-27,Headphones,Accessories,North,Customer_4,24696.98,2,
ORD-1124,2023-08-08,Headphones,Accessories,West,Customer_14,,7,5798.64
ORD-1125,2023-10-26,Monitor,Electronics,North,Customer_7,8226.76,2,1111.87
ORD-1126,2023-07-24,Laptop,Electronics,North,Customer_10,71037.12,11,12850.64
ORD-1127,2023-07-05,Tablet,Electronics,North,Customer_45,11285.29,10,1828.35
ORD-1128,2023-04-23,Headphones,Accessories,East,Customer_27,36564.68,17,6040.35
ORD-1129,2023-03-12,Headphones,Accessories,West,Customer_32,53803.65,13,8548.34
ORD-1130,2023-09-18,Camera,Electronics,North,Customer_41,59579.64,18,17185.1
ORD-1131,2023-09-10,Monitor,Electronics,South,Customer_40,75704.94,16,25626.78
ORD-1132,2023-02-16,Mouse,Accessories,North,Customer_50,33820.58,9,5935.05
ORD-1133,2023-01-25,Keyboard,Accessories,East,Customer_40,59510.39,2,16705.79
ORD-1134,2023-02-26,Keyboard,Accessories,South,Customer_18,12784.57,7,1315.01
ORD-1135,2023-03-20,Phone,Electronics,North,Customer_28,33483.32,10,8820.2
ORD-1136,2023-11-18,Phone,Electronics,East,Customer_25,8372.22,12,2287.22
ORD-1137,2023-03-23,Monitor,Electronics,North,Customer_46,39403.09,2,4552.28
ORD-1138,2023-12-15,Laptop,Electronics,East,Customer_26,32945.21,11,4268.26
ORD-1139,2023-08-05,Tablet,Electronics,South,Customer_20,76145.96,9,13455.11
ORD-1140,2023-11-02,Mouse,Accessories,East,Customer_9,3100.94,4,624.39
ORD-1141,2023-02-02,Monitor,Electronics,North,Customer_16,29957.13,12,6759.23
ORD-1142,2023-07-17,Phone,Electronics,West,Customer_11,35748.96,14,11574.78
ORD-1143,2023-07-15,Monitor,Electronics,West,Customer_45,76069.14,13,20986.66
ORD-1144,2023-11-02,Phone,Electronics,North,Customer_39,68508.29,15,12176.97
ORD-1145,2023-08-28,Keyboard,Accessories,North,Customer_3,8398.69,13,1086.4
ORD-1146,2023-09-28,Laptop,Electronics,West,Customer_50,55011.58,11,18100.6
ORD-1147,2023-05-09,Monitor,Electronics,North,Customer_27,43785.04,6,7608.06
ORD-1148,2023-10-11,Keyboard,Accessories,South,Customer_39,78238.48,16,19845.69
ORD-1149,2023-01-06,Laptop,Electronics,South,Customer_50,29014.57,16,4490.94
ORD-1150,2023-12-15,Mouse,Accessories,South,Customer_49,32152.1,12,4288.84
ORD-1151,2023-02-28,Phone,Electronics,West,Customer_6,15589.78,17,2156.01
ORD-1152,2023-12-16,Monitor,Electronics,East,Customer_33,10211.7,9,2930.08
ORD-1153,2023-10-02,Laptop,Electronics,East,Customer_14,67918.64,3,17077.11
ORD-1154,2023-05-17,Monitor,Electronics,East,Customer_41,36650.03,14,7475.19
ORD-1155,2023-11-25,Phone,Electronics,East,Customer_46,,3,12622.47
ORD-1156,2023-06-24,Tablet,Electronics,East,Customer_3,51515.51,14,11215.29
ORD-1157,2023-02-27,Headphones,Accessories,South,Customer_50,47973.1,20,11243.91
ORD-1158,2023-05-31,Monitor,Electronics,West,Customer_11,2197.92,6,584.7
ORD-1159,2023-08-11,Headphones,Accessories,East,Customer_43,63050.17,18,9747.74
ORD-1160,2023-03-22,Headphones,Accessories,West,Customer_40,19863.73,10,3215.27
ORD-1161,2023-08-21,Tablet,Electronics,East,Customer_18,10510.95,11,3034.35
ORD-1162,2023-01-02,Laptop,Electronics,South,Customer_42,45383.95,4,14444.97
ORD-1163,2023-05-15,Laptop,Electronics,East,Customer_43,5954.51,3,717.33
ORD-1164,2023-09-14,Keyboard,Accessories,North,Customer_9,61330.01,11,12982.77
ORD-1165,2023-04-02,Camera,Electronics,North,Customer_30,16969.01,10,4682.45
ORD-1166,2023-09-17,Tablet,Electronics,North,Customer_41,17668.13,10,2111.8
ORD-1167,2023-02-24,Mouse,Accessories,South,Customer_35,69640.79,15,16786.37
ORD-1168,2023-11-17,Headphones,Accessories,North,Customer_46,26620.48,20,3073.06
ORD-1169,2023-06-02,Mouse,Accessories,East,Customer_2,12230.56,14,2897.57
ORD-1170,2023-11-24,Headphones,Accessories,East,Customer_36,72092.22,6,16319.64
ORD-1171,2023-09-17,Camera,Electronics,South,Customer_48,725.43,15,176.41
ORD-1172,2023-11-08,Phone,Electronics,North,Customer_29,68743.29,12,9449.67
ORD-1173,2023-04-12,Laptop,Electronics,South,Customer_29,12002.69,15,2184.84
ORD-1174,2023-03-20,Phone,Electronics,North,Customer_10,10834.37,2,2492.83
ORD-1175,2023-07-11,Phone,Electronics,East,Customer_50,20427.01,12,2636.31
ORD-1176,2023-03-24,Mouse,Accessories,East,Customer_45,14372.52,20,2175.29
ORD-1177,2023-10-04,Keyboard,Accessories,East,Customer_25,53054.08,14,13040.0
ORD-1178,2023-09-29,Phone,Electronics,West,Customer_16,2549.52,9,312.92
ORD-1179,2023-01-01,Mouse,Accessories,East,Customer_25,1681.4,2,382.68
ORD-1180,2023-11-03,Headphones,Accessories,South,Customer_5,63303.78,3,19128.69
ORD-1181,2023-06-15,Phone,Electronics,North,Customer_12,19415.56,13,4142.47
ORD-1182,2023-09-08,Keyboard,Accessories,South,Customer_11,26239.83,12,5990.87
ORD-1183,2023-01-10,Mouse,Accessories,South,Customer_27,14352.57,17,3074.32
ORD-1184,2023-02-27,Laptop,Electronics,North,Customer_1,4665.72,6,533.92
ORD-1185,2023-07-05,Headphones,Accessories,South,Customer_46,59466.59,1,12820.67
ORD-1186,2023-06-07,Camera,Electronics,North,Customer_11,42323.8,5,12770.31
ORD-1187,2023-05-03,Laptop,Electronics,North,Customer_7,59780.39,20,16787.53
ORD-1188,2023-01-30,Laptop,Electronics,West,Customer_36,38361.55,15,7633.46
ORD-1189,2023-05-04,Tablet,Electronics,West,Customer_46,62352.35,2,18962.18
ORD-1190,2023-10-18,Mouse,Accessories,East,Customer_43,41302.42,5,11831.12
ORD-1191,2023-02-10,Camera,Electronics,South,Customer_17,9169.79,3,2242.73
ORD-1192,2023-02-13,Monitor,Electronics,East,Customer_2,40555.18,8,4514.7
ORD-1193,2023-09-06,Mouse,Accessories,South,Customer_30,75660.54,12,14082.86
ORD-1194,2023-02-05,Laptop,Electronics,West,Customer_46,3947.52,12,
ORD-1195,2023-09-30,Mouse,Accessories,South,Customer_39,62766.55,13,21876.08
ORD-1196,2023-03-06,Mouse,Accessories,North,Customer_43,69424.98,19,23163.35
ORD-1197,2023-03-07,Laptop,Electronics,North,Customer_44,41955.37,2,4919.47
ORD-1198,2023-12-04,Headphones,Accessories,West,Customer_49,36914.38,20,12308.87
ORD-1199,2023-09-01,Headphones,Accessories,South,Customer_19,77140.08,5,8326.02
ORD-1200,2023-10-09,Keyboard,Accessories,South,Customer_48,5335.62,15,1078.95
ORD-1201,2023-03-26,Laptop,Electronics,East,Customer_20,38579.06,12,11274.46
ORD-1202,2023-05-16,Camera,Electronics,North,Customer_6,32428.57,12,9451.53
ORD-1203,2023-09-28,Headphones,Accessories,South,Customer_16,55044.75,15,18967.5
ORD-1204,2023-11-07,Tablet,Electronics,East,Customer_7,39476.37,3,10321.89
ORD-1205,2023-08-05,Monitor,Electronics,West,Customer_8,72821.22,19,14934.94
ORD-1206,2023-04-19,Tablet,Electronics,East,Customer_48,6342.51,5,2208.55
ORD-1207,2023-10-04,Keyboard,Accessories,North,Customer_40,6922.84,17,1354.25
ORD-1208,2023-12-20,Tablet,Electronics,North,Customer_49,48859.65,12,15508.3
ORD-1209,2023-04-13,Headphones,Accessories,West,Customer_33,5721.74,13,1869.25
ORD-1210,2023-06-09,Headphones,Accessories,West,Customer_9,22363.77,11,4336.59
ORD-1211,2023-07-24,Laptop,Electronics,South,Customer_49,50829.6,9,13758.69
ORD-1212,2023-12-10,Camera,Electronics,West,Customer_35,44094.34,8,11704.76
ORD-1213,2023-11-29,Mouse,Accessories,North,Customer_47,26352.24,4,6188.17
ORD-1214,2023-07-11,Headphones,Accessories,East,Customer_40,79572.91,1,20958.19
ORD-1215,2023-08-13,Mouse,Accessories,East,Customer_12,42679.27,6,7978.57
ORD-1216,2023-09-22,Monitor,Electronics,West,Customer_30,36570.38,16,5288.75
ORD-1217,2023-08-20,Mouse,Accessories,North,Customer_9,48631.43,17,11395.06
ORD-1218,2023-03-03,Camera,Electronics,West,Customer_16,8384.69,13,1947.01
ORD-1219,2023-05-07,Tablet,Electronics,West,Customer_35,56291.46,18,15872.2
ORD-1220,2023-04-26,Headphones,Accessories,South,Customer_7,68297.02,4,10631.97
ORD-1221,2023-02-02,Keyboard,Accessories,West,Customer_37,52247.87,9,5270.16
ORD-1222,2023-06-23,Monitor,Electronics,South,Customer_48,61632.54,9,6513.56
ORD-1223,2023-01-11,Monitor,Electronics,South,Customer_48,57806.77,15,10092.53
ORD-1224,2023-10-29,Mouse,Accessories,West,Customer_20,17594.33,7,4721.88
ORD-1225,2023-10-11,Tablet,Electronics,South,Customer_50,36398.62,20,8594.13
ORD-1226,2023-04-28,Headphones,Accessories,West,Customer_49,18665.24,10,4348.69
ORD-1227,2023-10-29,Headphones,Accessories,West,Customer_2,27445.06,16,8393.8
ORD-1228,2023-04-23,Laptop,Electronics,North,Customer_31,36553.16,7,5917.15
ORD-1229,2023-01-04,Camera,Electronics,West,Customer_47,33571.18,4,6262.37
ORD-1230,2023-02-06,Phone,Electronics,East,Customer_49,8059.32,5,1361.32
ORD-1231,2023-12-29,Monitor,Electronics,South,Customer_12,34427.74,3,11511.0
ORD-1232,2023-11-20,Keyboard,Accessories,East,Customer_29,53376.08,15,15012.34
ORD-1233,2023-01-31,Monitor,Electronics,East,Customer_47,30256.93,6,3879.28
ORD-1234,2023-04-28,Laptop,Electronics,North,Customer_8,12634.79,15,3820.38
ORD-1235,2023-02-04,Headphones,Accessories,North,Customer_38,73877.31,3,15130.82
ORD-1236,2023-01-17,Phone,Electronics,North,Customer_12,5837.1,11,1701.59
ORD-1237,2023-06-19,Phone,Electronics,North,Customer_50,66625.87,12,
ORD-1238,2023-02-06,Headphones,Accessories,North,Customer_9,7911.79,3,822.13
ORD-1239,2023-09-21,Tablet,Electronics,South,Customer_45,8176.87,18,1238.96
ORD-1240,2023-05-02,Camera,Electronics,South,Customer_5,59234.28,18,7417.56
ORD-1241,2023-05-23,Mouse,Accessories,East,Customer_36,65035.66,10,7049.48
ORD-1242,2023-12-09,Tablet,Electronics,South,Customer_32,44731.47,10,11158.1
ORD-1243,2023-09-06,Laptop,Electronics,East,Customer_45,47123.97,6,12997.81
ORD-1244,2023-04-20,Camera,Electronics,South,Customer_23,45146.12,6,5064.0
ORD-1245,2023-10-04,Laptop,Electronics,South,Customer_14,26706.86,12,7615.07
ORD-1246,2023-03-09,Mouse,Accessories,West,Customer_13,10217.39,17,2049.26
ORD-1247,2023-10-20,Monitor,Electronics,West,Customer_4,28611.05,8,4537.28
ORD-1248,2023-10-23,Headphones,Accessories,East,Customer_13,53394.57,4,8239.71
ORD-1249,2023-08-31,Mouse,Accessories,North,Customer_6,60147.6,7,19002.59
ORD-1250,2023-05-05,Mouse,Accessories,West,Customer_1,69513.33,5,7932.24
ORD-1251,2023-08-31,Monitor,Electronics,West,Customer_20,57824.32,8,13066.79
ORD-1252,2023-07-28,Headphones,Accessories,West,Customer_37,77487.69,16,13352.36
ORD-1253,2023-04-08,Laptop,Electronics,West,Customer_49,48232.6,1,14660.13
ORD-1254,2023-02-18,Phone,Electronics,West,Customer_45,28455.87,12,8049.58
ORD-1255,2023-02-19,Mouse,Accessories,North,Customer_25,46444.52,18,8347.28
ORD-1256,2023-12-04,Tablet,Electronics,West,Customer_19,17412.74,19,4344.12
ORD-1257,2023-08-09,Keyboard,Accessories,,Customer_28,52710.54,12,14133.43
ORD-1258,2023-07-01,Monitor,Electronics,East,Customer_6,18327.47,15,3301.99
ORD-1259,2023-08-05,Keyboard,Accessories,West,Customer_24,9103.36,18,1597.1
ORD-1260,2023-07-30,Monitor,Electronics,West,Customer_44,67707.19,5,9195.66
ORD-1261,2023-08-28,Mouse,Accessories,East,Customer_33,29721.1,20,7877.67
ORD-1262,2023-01-28,Tablet,Electronics,South,Customer_35,61127.15,3,9490.64
ORD-1263,2023-12-11,Mouse,Accessories,East,Customer_9,46140.95,3,8080.44
ORD-1264,2023-12-01,Tablet,Electronics,South,Customer_4,64674.1,10,7453.01
ORD-1265,2023-11-27,Tablet,Electronics,South,Customer_43,67689.84,13,22820.28
ORD-1266,2023-02-20,Laptop,Electronics,South,Customer_15,77976.45,16,24946.89
ORD-1267,2023-02-01,Phone,Electronics,,Customer_16,65564.94,17,21498.38
ORD-1268,2023-07-26,Laptop,Electronics,West,Customer_48,49279.08,14,12640.0
ORD-1269,2023-06-23,Keyboard,Accessories,North,Customer_4,51594.58,14,10669.77
ORD-1270,2023-02-25,Headphones,Accessories,East,Customer_9,2587.18,19,579.28
ORD-1271,2023-05-08,Phone,Electronics,South,Customer_19,74362.2,3,25511.63
ORD-1272,2023-04-09,Phone,Electronics,West,Customer_37,66442.13,5,22284.46
ORD-1273,2023-04-08,Monitor,Electronics,South,Customer_28,21762.09,11,5828.66
ORD-1274,2023-10-02,Mouse,Accessories,West,Customer_45,14843.08,3,4400.25
ORD-1275,2023-08-18,Camera,Electronics,South,Customer_5,56364.55,15,10127.79
ORD-1276,2023-03-13,Keyboard,Accessories,North,Customer_30,25064.28,15,5115.15
ORD-1277,2023-08-05,Tablet,Electronics,West,Customer_31,27516.06,17,3778.08
ORD-1278,2023-04-04,Laptop,Electronics,East,Customer_25,985.41,12,191.28
ORD-1279,2023-05-23,Phone,Electronics,East,Customer_2,69654.09,5,20102.45
ORD-1280,2023-08-25,Phone,Electronics,South,Customer_48,45522.53,18,9941.2
ORD-1281,2023-05-08,Phone,Electronics,East,Customer_9,32362.36,19,10107.91
ORD-1282,2023-02-08,Laptop,Electronics,South,Customer_45,11779.04,6,2063.5
ORD-1283,2023-08-15,Keyboard,Accessories,North,Customer_8,50837.18,5,14076.52
ORD-1284,2023-10-09,Tablet,Electronics,East,Customer_6,2937.24,14,885.41
ORD-1285,2023-02-20,Camera,Electronics,North,Customer_11,59815.89,17,19660.6
ORD-1286,2023-01-26,Keyboard,Accessories,South,Customer_10,17603.06,2,4235.23
ORD-1287,2023-11-30,Mouse,Accessories,North,Customer_35,33876.68,4,11584.01
ORD-1288,2023-10-04,Phone,Electronics,South,Customer_37,27601.23,17,6605.57
ORD-1289,2023-01-08,Headphones,Accessories,West,Customer_37,29919.22,5,3994.91
ORD-1290,2023-02-17,Monitor,Electronics,South,Customer_14,57866.88,10,9300.05
ORD-1291,2023-05-02,Headphones,Accessories,East,Customer_15,62258.43,6,9390.7
ORD-1292,2023-03-27,Keyboard,Accessories,East,Customer_12,45623.69,6,11938.65
ORD-1293,2023-07-28,Monitor,Electronics,South,Customer_3,7254.08,11,2397.88
ORD-1294,2023-09-06,Monitor,Electronics,South,Customer_29,4682.4,8,1459.89
ORD-1295,2023-09-04,Phone,Electronics,East,Customer_42,13014.09,12,1602.24
ORD-1296,2023-04-20,Laptop,Electronics,North,Customer_8,49618.14,17,13949.95
ORD-1297,2023-07-25,Camera,Electronics,North,Customer_19,54080.51,10,7983.39
ORD-1298,2023-01-31,Monitor,Electronics,West,Customer_22,22132.18,3,3698.63
ORD-1299,2023-03-26,Headphones,Accessories,South,Customer_15,53124.13,9,14259.47
ORD-1300,2023-07-14,Monitor,Electronics,North,Customer_34,39110.11,7,9806.1
ORD-1301,2023-01-02,Laptop,Electronics,West,Customer_31,35642.51,18,11348.76
ORD-1302,2023-07-19,Mouse,Accessories,South,Customer_10,22216.76,9,3266.77
ORD-1303,2023-05-16,Laptop,Electronics,North,Customer_2,60517.98,5,17575.88
ORD-1304,2023-08-21,Phone,Electronics,West,Customer_9,9548.49,10,2683.85
ORD-1305,2023-05-27,Keyboard,Accessories,North,Customer_15,34678.13,20,8312.79
ORD-1306,2023-08-05,Tablet,Electronics,East,Customer_5,23018.09,18,
ORD-1307,2023-12-23,Camera,Electronics,North,Customer_43,54439.66,3,17277.43
ORD-1308,2023-10-12,Laptop,Electronics,East,Customer_16,39187.3,17,7180.72
ORD-1309,2023-12-05,Headphones,Accessories,North,Customer_20,53537.04,6,18162.71
ORD-1310,2023-09-07,Keyboard,Accessories,West,Customer_25,4110.68,19,426.83
ORD-1311,2023-03-21,Headphones,Accessories,South,Customer_34,31923.44,19,10671.68
ORD-1312,2023-04-08,Phone,Electronics,East,Customer_5,48146.33,5,16394.76
ORD-1313,2023-06-01,Keyboard,Accessories,South,Customer_28,1111.12,6,143.7
ORD-1314,2023-04-22,Monitor,Electronics,South,Customer_10,24462.84,20,8559.38
ORD-1315,2023-01-30,Monitor,Electronics,West,Customer_45,17293.1,20,3799.82
ORD-1316,2023-10-24,Headphones,Accessories,North,Customer_19,11410.17,11,1833.02
ORD-1317,2023-10-05,Camera,Electronics,South,Customer_23,20813.8,19,5226.35
ORD-1318,2023-02-01,Tablet,Electronics,South,Customer_14,26585.73,2,4017.86
ORD-1319,2023-06-10,Keyboard,Accessories,East,Customer_24,1114.53,1,366.44
ORD-1320,2023-01-30,Keyboard,Accessories,North,Customer_12,59887.62,3,14254.44
ORD-1321,2023-01-26,Mouse,Accessories,East,Customer_14,14467.74,2,4251.76
ORD-1322,2023-10-27,Camera,Electronics,East,Customer_4,30726.49,19,5996.75
ORD-1323,2023-09-02,Phone,Electronics,North,Customer_38,56441.87,9,13174.24
ORD-1324,2023-09-15,Phone,Electronics,South,Customer_34,40270.86,7,7644.01
ORD-1325,2023-09-29,Mouse,Accessories,North,Customer_5,66751.66,19,11040.08
ORD-1326,2023-03-22,Phone,Electronics,North,Customer_18,64592.91,14,14740.37
ORD-1327,2023-01-30,Phone,Electronics,East,Customer_28,6230.0,20,1397.51
ORD-1328,2023-09-18,Laptop,Electronics,North,Customer_49,69010.27,1,8602.27
ORD-1329,2023-02-11,Laptop,Electronics,East,Customer_30,3863.03,16,1334.02
ORD-1330,2023-04-06,Monitor,Electronics,West,Customer_28,1989.95,18,432.56
ORD-1331,2023-02-05,Keyboard,Accessories,West,Customer_43,73732.41,10,22852.09
ORD-1332,2023-11-01,Tablet,Electronics,South,Customer_41,69037.75,10,22684.61
ORD-1333,2023-02-04,Phone,Electronics,North,Customer_21,46272.85,16,8915.68
ORD-1334,2023-12-12,Mouse,Accessories,North,Customer_27,46085.27,8,9377.55
ORD-1335,2023-05-01,Mouse,Accessories,South,Customer_44,56905.17,13,13693.16
ORD-1336,2023-07-26,Monitor,Electronics,East,Customer_24,33706.67,10,5235.27
ORD-1337,2023-03-03,Mouse,Accessories,North,Customer_45,9656.28,15,1317.9
ORD-1338,2023-10-19,Camera,Electronics,South,Customer_24,2158.1,3,356.5
ORD-1339,2023-05-07,Headphones,Accessories,West,Customer_4,26319.07,2,8782.4
ORD-1340,2023-10-24,Mouse,Accessories,North,Customer_46,64205.11,6,15716.49
ORD-1341,2023-11-01,Mouse,Accessories,West,Customer_36,49640.96,15,10146.34
ORD-1342,2023-01-21,Camera,Electronics,West,Customer_26,66646.06,14,9204.01
ORD-1343,2023-11-14,Monitor,Electronics,North,Customer_46,73621.7,16,13433.48
ORD-1344,2023-02-11,Keyboard,Accessories,West,Customer_41,7506.33,15,1463.43
ORD-1345,2023-08-03,Mouse,Accessories,North,Customer_34,67636.51,7,
ORD-1346,2023-12-03,Camera,Electronics,East,Customer_32,19843.66,11,4461.36
ORD-1347,2023-10-26,Headphones,Accessories,North,Customer_7,47315.27,20,12474.77
ORD-1348,2023-10-17,Laptop,Electronics,East,Customer_38,42155.02,5,11432.93
ORD-1349,2023-09-25,Phone,Electronics,South,Customer_9,31963.45,11,5252.61
ORD-1350,2023-06-11,Tablet,Electronics,East,Customer_50,25166.83,11,7685.9
ORD-1351,2023-05-14,Mouse,Accessories,East,Customer_49,27491.31,12,9391.78
ORD-1352,2023-04-15,Keyboard,Accessories,North,Customer_41,26978.96,13,7025.96
ORD-1353,2023-12-09,Tablet,Electronics,South,Customer_7,13866.55,5,3087.37
ORD-1354,2023-06-10,Laptop,Electronics,East,Customer_22,41083.42,12,5836.25
ORD-1355,2023-05-03,Mouse,Accessories,West,Customer_50,9565.12,17,2857.52
ORD-1356,2023-05-16,Mouse,Accessories,North,Customer_22,41041.19,18,5840.84
ORD-1357,2023-07-22,Camera,Electronics,North,Customer_50,72520.86,4,20311.53
ORD-1358,2023-03-09,Keyboard,Accessories,West,Customer_32,28275.33,11,6279.36
ORD-1359,2023-12-10,Monitor,Electronics,East,Customer_42,58326.64,8,19202.58
ORD-1360,2023-11-27,Laptop,Electronics,South,Customer_13,65606.41,15,15452.55
ORD-1361,2023-06-03,Laptop,Electronics,West,Customer_46,,4,17006.35
ORD-1362,2023-08-23,Monitor,Electronics,South,Customer_46,19283.37,9,2211.47
ORD-1363,2023-06-11,Tablet,Electronics,North,Customer_4,12142.32,15,1316.91
ORD-1364,2023-02-07,Tablet,Electronics,South,Customer_20,16183.11,8,5043.86
ORD-1365,2023-01-05,Laptop,Electronics,North,Customer_20,48390.72,5,16273.66
ORD-1366,2023-08-23,Camera,Electronics,East,Customer_17,60937.12,4,16273.49
ORD-1367,2023-11-15,Headphones,Accessories,East,Customer_14,52612.97,2,15314.83
ORD-1368,2023-10-16,Keyboard,Accessories,East,Customer_23,14583.12,10,2961.8
ORD-1369,2023-02-21,Camera,Electronics,West,Customer_44,61941.42,13,19241.25
ORD-1370,2023-02-07,Camera,Electronics,East,Customer_40,39782.3,20,6279.97
ORD-1371,2023-10-03,Mouse,Accessories,West,Customer_32,60478.44,14,16739.97
ORD-1372,2023-04-20,Tablet,Electronics,East,Customer_27,60910.23,8,6230.23
ORD-1373,2023-09-17,Laptop,Electronics,South,Customer_21,36187.97,6,8194.16
ORD-1374,2023-05-16,Headphones,Accessories,East,Customer_21,,11,14298.46
ORD-1375,2023-03-09,Monitor,Electronics,East,Customer_8,45377.1,19,11546.6
ORD-1376,2023-06-28,Mouse,Accessories,East,Customer_30,51006.22,11,13602.78
ORD-1377,2023-02-05,Camera,Electronics,South,Customer_38,,7,12744.48
ORD-1378,2023-05-06,Phone,Electronics,North,Customer_47,69207.63,6,15281.12
ORD-1379,2023-07-09,Keyboard,Accessories,West,Customer_47,50363.78,16,11178.93
ORD-1380,2023-05-26,Mouse,Accessories,West,Customer_29,12501.11,17,1270.78
ORD-1381,2023-03-22,Monitor,Electronics,South,Customer_6,5928.76,15,1410.52
ORD-1382,2023-08-13,Laptop,Electronics,North,Customer_15,35655.54,16,3671.19
ORD-1383,2023-10-06,Tablet,Electronics,South,Customer_27,24574.22,10,5709.93
ORD-1384,2023-12-27,Tablet,Electronics,East,Customer_18,22336.56,16,3767.85
ORD-1385,2023-06-04,Mouse,Accessories,East,Customer_21,4965.68,1,1710.03
ORD-1386,2023-11-10,Headphones,Accessories,West,Customer_20,40833.28,3,4258.33
ORD-1387,2023-12-01,Tablet,Electronics,West,Customer_25,25177.42,13,7636.04
ORD-1388,2023-09-28,Mouse,Accessories,West,Customer_31,36427.15,17,9780.99
ORD-1389,2023-01-05,Tablet,Electronics,North,Customer_2,5022.76,15,1514.57
ORD-1390,2023-12-08,Camera,Electronics,West,Customer_14,66619.88,8,21814.24
ORD-1391,2023-10-11,Headphones,Accessories,East,Customer_8,6600.11,7,836.59
ORD-1392,2023-06-03,Keyboard,Accessories,South,Customer_31,69207.88,19,8587.21
ORD-1393,2023-12-06,Monitor,Electronics,East,Customer_35,68495.82,12,9399.3
ORD-1394,2023-02-23,Tablet,Electronics,West,Customer_2,,2,
ORD-1395,2023-03-10,Tablet,Electronics,West,Customer_45,40811.89,2,9452.6
ORD-1396,2023-05-16,Camera,Electronics,West,Customer_17,37285.58,10,11327.49
ORD-1397,2023-03-01,Monitor,Electronics,North,Customer_12,44568.15,16,7435.36
ORD-1398,2023-02-24,Keyboard,Accessories,North,Customer_38,63449.51,20,12640.67
ORD-1399,2023-10-11,Camera,Electronics,South,Customer_47,71722.2,16,13861.24
ORD-1400,2023-03-21,Mouse,Accessories,North,Customer_45,36253.83,10,7305.4
ORD-1401,2023-05-20,Keyboard,Accessories,North,Customer_2,64880.37,18,15652.42
ORD-1402,2023-05-25,Monitor,Electronics,West,Customer_41,52321.08,1,18184.62
ORD-1403,2023-11-06,Phone,Electronics,East,Customer_16,26061.38,4,4077.68
ORD-1404,2023-04-18,Tablet,Electronics,East,Customer_15,38312.51,14,10383.09
ORD-1405,2023-06-25,Headphones,Accessories,East,Customer_25,12493.46,5,3897.54
ORD-1406,2023-04-15,Mouse,Accessories,South,Customer_35,5418.96,9,1427.54
ORD-1407,2023-12-18,Headphones,Accessories,East,Customer_5,8728.4,12,2745.56
ORD-1408,2023-11-21,Phone,Electronics,North,Customer_44,71980.58,13,20866.92
ORD-1409,2023-05-16,Keyboard,Accessories,East,Customer_7,27803.3,12,3430.24
ORD-1410,2023-09-16,Camera,Electronics,East,Customer_49,57288.09,2,11160.64
ORD-1411,2023-09-08,Monitor,Electronics,South,Customer_23,40611.65,13,9672.69
ORD-1412,2023-05-09,Mouse,Accessories,South,Customer_42,14218.43,2,1621.31
ORD-1413,2023-01-27,Laptop,Electronics,East,Customer_14,20195.63,19,2067.28
ORD-1414,2023-02-17,Camera,Electronics,North,Customer_21,35301.78,18,5042.71
ORD-1415,2023-11-21,Keyboard,Accessories,West,Customer_33,35434.03,7,7971.4
ORD-1416,2023-08-05,Phone,Electronics,East,Customer_10,42058.47,12,8768.24
ORD-1417,2023-05-22,Phone,Electronics,South,Customer_11,13120.32,18,3884.85
ORD-1418,2023-01-23,Keyboard,Accessories,East,Customer_42,30141.73,10,7278.15
ORD-1419,2023-01-02,Keyboard,Accessories,West,Customer_38,22990.04,3,7230.14
ORD-1420,2023-06-20,Laptop,Electronics,East,Customer_38,32997.17,13,4086.38
ORD-1421,2023-03-08,Camera,Electronics,,Customer_44,27400.19,17,6357.93
ORD-1422,2023-11-23,Camera,Electronics,East,Customer_42,48031.93,15,5314.15
ORD-1423,2023-05-15,Monitor,Electronics,East,Customer_26,63243.54,18,9667.04
ORD-1424,2023-03-24,Laptop,Electronics,West,Customer_8,51960.78,9,16473.09
ORD-1425,2023-08-15,Headphones,Accessories,North,Customer_16,5739.99,20,1847.64
ORD-1426,2023-10-10,Monitor,Electronics,North,Customer_26,8013.22,20,1753.89
ORD-1427,2023-12-28,Mouse,Accessories,South,Customer_7,54431.16,4,6076.72
ORD-1428,2023-08-07,Keyboard,Accessories,South,Customer_43,23089.68,5,2738.14
ORD-1429,2023-10-15,Tablet,Electronics,East,Customer_44,58036.83,4,19233.19
ORD-1430,2023-01-05,Headphones,Accessories,South,Customer_2,52696.84,13,
ORD-1431,2023-02-27,Camera,Electronics,East,Customer_10,72554.24,12,17476.68
ORD-1432,2023-02-08,Phone,Electronics,East,Customer_42,69925.73,11,7567.74
ORD-1433,2023-12-20,Keyboard,Accessories,North,Customer_42,27002.28,18,8969.93
ORD-1434,2023-03-18,Monitor,Electronics,East,Customer_13,46827.79,12,8364.43
ORD-1435,2023-10-07,Camera,Electronics,,Customer_23,11743.56,5,3997.12
ORD-1436,2023-01-19,Keyboard,Accessories,North,Customer_46,28310.75,7,6985.93
ORD-1437,2023-07-09,Camera,Electronics,West,Customer_36,77431.87,20,22305.3
ORD-1438,2023-10-26,Headphones,Accessories,East,Customer_14,56029.16,17,15586.07
ORD-1439,2023-10-10,Tablet,Electronics,West,Customer_42,31660.66,13,6318.64
ORD-1440,2023-03-17,Headphones,Accessories,East,Customer_26,47805.78,17,5700.09
ORD-1441,2023-08-09,Monitor,Electronics,North,Customer_32,75071.17,2,10555.95
ORD-1442,2023-03-07,Camera,Electronics,North,Customer_7,25111.76,2,4020.85
ORD-1443,2023-01-22,Keyboard,Accessories,West,Customer_2,30446.0,2,9397.54
ORD-1444,2023-06-07,Headphones,Accessories,South,Customer_19,63437.13,5,12515.46
ORD-1445,2023-07-06,Tablet,Electronics,West,Customer_30,65148.19,11,21116.58
ORD-1446,2023-01-21,Tablet,Electronics,West,Customer_9,53774.25,16,9837.06
ORD-1447,2023-07-03,Keyboard,Accessories,North,Customer_44,66402.24,17,19183.76
ORD-1448,2023-04-18,Camera,Electronics,West,Customer_30,59232.59,15,7995.67
ORD-1449,2023-12-16,Monitor,Electronics,South,Customer_18,54990.45,5,
ORD-1450,2023-05-08,Phone,Electronics,North,Customer_9,,20,11901.6
ORD-1451,2023-12-08,Keyboard,Accessories,East,Customer_45,51858.97,17,11678.55
ORD-1452,2023-02-22,Tablet,Electronics,East,Customer_38,34160.81,5,11737.0
ORD-1453,2023-07-01,Keyboard,Accessories,North,Customer_35,29265.33,11,3319.39
ORD-1454,2023-10-14,Keyboard,Accessories,South,Customer_15,29326.51,20,6137.22
ORD-1455,2023-07-28,Monitor,Electronics,,Customer_20,14830.9,11,4592.66
ORD-1456,2023-11-14,Tablet,Electronics,South,Customer_9,17528.32,6,3245.34
ORD-1457,2023-03-21,Phone,Electronics,East,Customer_29,75839.63,13,22164.24
ORD-1458,2023-05-02,Mouse,Accessories,South,Customer_49,39158.54,20,13263.57
ORD-1459,2023-03-25,Keyboard,Accessories,,Customer_43,18510.17,10,3686.78
ORD-1460,2023-04-01,Phone,Electronics,North,Customer_33,11436.45,19,3355.33
ORD-1461,2023-07-31,Headphones,Accessories,East,Customer_34,6634.62,11,712.6
ORD-1462,2023-01-13,Laptop,Electronics,East,Customer_14,67632.06,17,11384.62
ORD-1463,2023-04-02,Mouse,Accessories,North,Customer_21,8540.69,17,2973.41
ORD-1464,2023-06-20,Mouse,Accessories,East,Customer_2,61784.54,18,13756.38
ORD-1465,2023-07-30,Headphones,Accessories,North,Customer_40,66892.03,16,12639.44
ORD-1466,2023-12-09,Monitor,Electronics,West,Customer_39,70752.73,19,23722.38
ORD-1467,2023-05-08,Mouse,Accessories,North,Customer_1,3500.93,10,728.06
ORD-1468,2023-05-17,Headphones,Accessories,South,Customer_46,27272.77,16,7361.57
ORD-1469,2023-03-23,Camera,Electronics,,Customer_33,61421.45,1,16287.0
ORD-1470,2023-12-26,Monitor,Electronics,North,Customer_31,10918.4,12,1325.75
ORD-1471,2023-02-25,Laptop,Electronics,,Customer_1,30449.23,11,7754.02
ORD-1472,2023-07-15,Keyboard,Accessories,West,Customer_13,13398.65,4,4013.08
ORD-1473,2023-01-20,Keyboard,Accessories,East,Customer_41,66591.93,14,18531.01
ORD-1474,2023-08-29,Headphones,Accessories,West,Customer_16,61802.28,19,7447.76
ORD-1475,2023-04-24,Headphones,Accessories,East,Customer_49,64818.98,10,8981.01
ORD-1476,2023-04-13,Monitor,Electronics,South,Customer_33,13660.36,1,3796.48
ORD-1477,2023-08-24,Keyboard,Accessories,South,Customer_22,35295.04,20,9122.89
ORD-1478,2023-06-29,Monitor,Electronics,South,Customer_19,33163.26,16,9448.67
ORD-1479,2023-06-06,Mouse,Accessories,East,Customer_18,54270.85,9,9723.68
ORD-1480,2023-04-27,Monitor,Electronics,South,Customer_13,19383.65,19,2454.7
ORD-1481,2023-04-25,Mouse,Accessories,North,Customer_24,35813.8,19,3627.9
ORD-1482,2023-01-13,Phone,Electronics,South,Customer_34,23151.77,8,4099.41
ORD-1483,2023-12-04,Monitor,Electronics,East,Customer_42,60008.65,2,11400.41
ORD-1484,2023-04-09,Camera,Electronics,West,Customer_20,36189.77,19,6059.67
ORD-1485,2023-07-24,Tablet,Electronics,North,Customer_6,42953.89,16,5718.31
ORD-1486,2023-06-18,Mouse,Accessories,West,Customer_26,25102.7,6,3686.28
ORD-1487,2023-05-23,Mouse,Accessories,West,Customer_34,64785.6,17,13748.21
ORD-1488,2023-02-05,Headphones,Accessories,West,Customer_43,37786.74,20,9019.13
ORD-1489,2023-05-23,Headphones,Accessories,North,Customer_19,66891.51,13,13512.82
ORD-1490,2023-06-29,Headphones,Accessories,South,Customer_33,29743.36,5,3169.62
ORD-1491,2023-11-25,Monitor,Electronics,South,Customer_31,75796.85,8,14286.08
ORD-1492,2023-09-18,Tablet,Electronics,West,Customer_15,78762.96,2,9708.8
ORD-1493,2023-07-24,Mouse,Accessories,South,Customer_6,37203.56,19,9282.7
ORD-1494,2023-12-14,Headphones,Accessories,East,Customer_4,22900.85,4,4147.52
ORD-1495,2023-10-02,Headphones,Accessories,North,Customer_50,30858.86,7,6057.89
ORD-1496,2023-06-19,Laptop,Electronics,North,Customer_33,42433.05,1,7339.3
ORD-1497,2023-01-15,Laptop,Electronics,East,Customer_44,77318.32,15,15227.83
ORD-1498,2023-03-01,Mouse,Accessories,South,Customer_14,65442.85,11,
ORD-1499,2023-05-14,Camera,Electronics,East,Customer_36,64200.11,14,20883.27
